{
    "Residuals": [
        0.7,
        0.7,
        0.7000000000000001,
        0.7,
        0.7
    ],
    "Metrics": {
        "RMSE": 2.3288234633381846e-16,
        "R\u00b2": 1.0
    },
    "Model Results": {
        "Best Model": "Cubic",
        "Best MAE": 1.7763568394002506e-16,
        "Cubic Params": [
            -6.217248937900877e-15,
            1.0325074129013956e-14,
            -1.0000000000000042,
            1.0000000000000002
        ],
        "Hybrid Params": [
            1.1041947150249687,
            5.465606749037225,
            45.4155697152807,
            0.026449346023357596,
            -46.291035100175016
        ]
    }
}